feature,importance_mean,importance_std,val_imp_0,val_imp_1,val_imp_2,val_imp_3
sent_len_median_paragraph_count_Div,0.0032396726307287876,0.0074888875506014885,0.0075387074511967245,-0.008114611911165248,0.0016661214103559918,0.011868473572527682
P-bursts_count,0.0031586355713139475,0.005385031623182485,0.010591442197685319,-0.004044025422679232,0.0009408455742813127,0.00514627993596839
word_len_max_pauses_1_sec_Divid,0.0027373071775156216,0.006206817071951517,0.01030923252343885,-0.0035431773119644627,-0.0032228212162744296,0.007405994714862529
cursor_position_change_2_sum,0.001996344821712459,0.0010829670569980489,0.0021587334551316784,0.0001805228122256919,0.002803440306614502,0.002842682712877964
IKI_bw_letter_max,0.0019723200896261395,0.0027250325384474664,0.0038335726509815538,-0.002094375431072326,0.0011686121234866231,0.004981471015108707
time_diff_Space_max,0.0019176734541152957,0.003875171678405995,0.005267073637758746,-0.00426877313933427,0.001526113382068317,0.00514627993596839
word_count_sem,0.0019118313875685355,0.004522037596769414,0.005337640856854842,-0.0057436848723314005,0.0029070896297823112,0.00514627993596839
time_diff_q_std,0.0017845867315099129,0.0034294908140691752,0.006743709545648846,0.003129275067121129,-0.0007446127876534203,-0.001990024899076903
paragraph_len_sem,0.0016436458668561554,0.0019066275195410176,0.0029714947538693748,-0.000597441645337704,0.0040157619421388735,0.0001847684167540775
time_diff_Nonproduction_sum,0.0016021997708121766,0.005317728148382563,0.006399046928488916,-0.00533652549530822,-0.0017801441634968662,0.007126421813564876
input_word_length_mean_IKI_ median_Divid,0.0014760535459764357,0.0051896734510698105,0.005269433086115827,-0.003960426795717398,-0.003289698852976697,0.00788490674648401
paragraph_word_count_sum,0.0014611884150712434,0.0034688853826060915,0.0023999310248754013,0.0045854537088929614,-0.004393689391371192,0.0032530583178878025
cursor_position_change_1_sum,0.0014346774834360643,0.002937916063340551,0.0038335726509815538,-0.002094375431072326,-0.0008000527808769142,0.004799565494711944
up_time_min,0.0012647429411790367,0.0030455672274040148,0.00554238818817776,-0.0022159094979237737,-0.0009185685677066124,0.0026510616421687727
20_distance_stats_sum,0.0012518975383228603,0.004449244851481285,0.005267073637758746,-0.006078685239503279,0.001526113382068317,0.004293088372967657
time_diff_q_max,0.0011152439520774743,0.003213628232405893,0.00661522397533848,-0.0015162632510201113,-0.00042133279275097246,-0.00021665212325749916
time_diff_ArrowDown_std,0.0010741559462537353,0.003767225717784534,0.0038335726509815538,0.0005008640059193104,-0.0048373783665978665,0.004799565494711944
cursor_position_change_100_std,0.0009863051554615532,0.0055955163729930636,0.007974008240248909,-0.007221805145274485,0.003632859411675071,-0.00043984188480328257
40s_extrema_per_user,0.0009830271625997367,0.0035142854920604343,0.004328020533831578,-0.0028376597845796714,-0.0022070290882969523,0.004648776989443992
time_diff_Backspace_sum,0.0009786860566252803,0.004551353979288186,0.006224896951763037,-0.003960426795717398,-0.0031051665822264263,0.004755440652681908
time_diff_Nonproduction_max,0.0009399595096694496,0.003424824829137079,0.004220630382940738,-0.0047991995487071115,0.0024813496312436345,0.0018570575732005379
paragraph_len_skew,0.0008864436815248511,0.0018329254638818045,-0.002222939074352559,0.001983395969512969,0.0013721018168383337,0.002413216014100661
sent_len_skew,0.0008711392257797212,0.00417339831659788,0.006122169315814774,-0.0014107539441481909,-0.004643365559164059,0.003416507090616361
time_diff_dot_std,0.0008067543931352672,0.0031900334676187463,0.0009550296702663386,0.005961298004880489,-0.0020089788335246883,-0.0016803312690810701
time_diff_Enter_mean,0.0007637093527060462,0.00243963484679795,0.0023662737149667268,-0.0015135250372201314,-0.0017119321635692963,0.003914020896646886
time_diff_Space_mean,0.0007155597273337949,0.0073728531558344395,0.009405481281610784,-0.01066805398123144,0.004148846342048096,-2.4034733092259675e-05
text_change_2_cnt,0.0006977020981482618,0.0012670129904665144,0.001150262831413007,0.001983395969512969,-0.0014068812310302214,0.0010640308226972928
time_diff_Shift_max,0.0006629148896892534,0.004528177956856754,-0.0011899792664413766,1.2485762500236142e-05,-0.004210290565255126,0.00803944362795328
leading-edge revisions_std,0.0006587718471239151,0.0038512189895566697,0.0017723011548874679,-0.005775514218267552,0.002193908053197524,0.004444392398678221
action_time_gap_50_std,0.0006098750525502239,0.005750960633084382,0.004735695730024803,-0.00878115304631899,0.00581339136401432,0.0006715661624807634
long_pauses_std,0.0005651987525617519,0.001983705984767757,0.003707807059779855,-0.00033624881060784206,0.0005716415200384128,-0.0016824047589634183
time_diff_Nonproduction_median,0.0005413316364009102,0.000992398494323156,0.0008998129359553686,0.001983395969512969,-0.00012401734597966563,-0.000593865013885031
cursor_position_diff_comma_sum,0.0004900868512996842,0.0018907482646593962,0.0034728553124840356,-0.00033624881060784206,0.0005061456622859617,-0.0016824047589634183
down_event_8_cnt_pauses_1_sec_Divid,0.0004720093063839831,0.006145699250050148,0.004501126573798198,-0.004129667891295374,-0.00677514771518406,0.008291726258217169
median_keystrokes_10s,0.0004690321701944222,0.0034509449135474,0.0038335726509815538,-0.0007238692012174197,-0.004650081859602806,0.003416507090616361
time_diff_ArrowRight_mean,0.00044458296250664275,0.0017164962959000357,0.0021378852065269127,-0.0012950563640138912,0.002183960566890686,-0.0012484575593771363
max_keystrokes_60s,0.0004239372372868977,0.006150491838520355,0.008953394216527577,-0.008168379083130783,0.0019936594131554908,-0.0010829255974046936
cursor_position_median,0.0004117135360353352,0.00437159791086258,0.0022460770774239136,-0.006686348443532275,0.0009408455742813127,0.00514627993596839
max_keystrokes_10s,0.00028565312706123336,0.003608208685284831,0.0038335726509815538,-0.0015457887820619076,-0.004735614598715299,0.003590443238040586
paragraph_len_min,0.000259464457597669,0.0052750311252687965,0.00743677561144146,0.001275513827434016,-0.00028812553815427133,-0.007386306070330528
cursor_position_diff_ArrowUp_median,0.00020953404273693632,0.001177082373171018,0.0011458720805932465,-0.001724367879187727,0.0011708196262488757,0.0002458123432933501
word_count_diff_Input_mean_sent_len_median_Div,0.00018521061054667387,0.007025769396660844,0.006517603312721665,-0.011592116982890255,0.001526113382068317,0.0042892427302869685
time_diff_Replace_max,0.00011443204893914205,0.0015883791498528907,-0.002222939074352559,0.001764210375909403,0.0013721018168383337,-0.00045564492263860945
time_diff_q_sum,0.00011354388697258633,0.0022944058369331675,-0.0006361201461101418,0.0003668992953144157,0.0035482203103036625,-0.002824823911617591
cursor_position_diff_ArrowDown_std,9.316041504234263e-05,0.0015655922691047682,-0.002222939074352559,0.0016578486686138483,0.0013933769885466907,-0.00045564492263860945
action_time_gap_100_sum,9.316041504234263e-05,0.0015655922691047682,-0.002222939074352559,0.0016578486686138483,0.0013933769885466907,-0.00045564492263860945
time_diff_q_median,3.437928995629613e-05,0.0020401096820310952,0.002152659919057165,0.0017671091176620912,-0.0009574279652764806,-0.002824823911617591
mean_pause_time,3.300214606793972e-05,0.005515927046139195,0.0018145510783827423,0.00285685034791916,-0.009338958336742087,0.004799565494711944
Total_Number_of_pause,0.0,0.0,0.0,0.0,0.0,0.0
total_pause_time,-2.4566990715485515e-06,0.0026705959808734857,0.0035692883193205183,0.0012525666205109864,-0.003544344139850497,-0.0012873375962672018
pauses_half_sec,-2.2933228101040815e-05,0.0040777936064435435,0.0044995281928417175,0.0001849875971269288,-0.006561220103507737,0.0017849714011349271
sent_len_median_time_diff_Backspace_median_Div,-5.5052596166976775e-05,0.005010957536459113,0.001312325065579767,-0.007962580296086708,0.0005082453289351752,0.005921799516903858
down_event_7_cnt,-6.772414618075318e-05,0.0034488958918746926,0.00159583309080924,0.00017841377870653208,-0.005655500451344608,0.0036103569971058236
word_count_diff_Input_mean_text_change_3_cnt_Div,-8.17173532142168e-05,0.007984105189620859,0.0036087814822622355,-0.012827420934324818,9.199969779793982e-05,0.008799770341407775
time_diff_Leftclick_mean,-9.671247060748234e-05,0.005028371226856484,0.008549653542057944,-0.003653085213287055,-0.0032648546448655336,-0.0020185635663352852
time_diff_Space_std,-0.00010808410105625499,0.0034596938620453706,0.002432210193019424,-0.0054255319811779,-0.0008751149251252643,0.0034361003090587205
backspacing_time_sum,-0.00011171128459146196,0.004941256404767505,0.003497644710598824,-0.0018202539044918087,-0.007383152108465685,0.005258916163992822
paragraph_len_median,-0.0001188247449600277,0.003517238067650972,0.001466853561042758,-0.0056987429042220095,-0.00010375125336431479,0.0038603416167034554
paragraph_word_count_q1,-0.00012086549489702392,0.0035509362030479996,0.004396511304303741,-0.005028966183704908,-0.0016378285157584438,0.0017868214155715156
median_keystrokes_60s,-0.00015156235737827373,0.0017516144294986151,0.0025354516116423143,-0.0023275106456972505,-0.0007130554487139729,-0.00010113494674418577
paragraph_word_count_min,-0.00016263567918603505,0.005942259191935268,0.0037044424440295654,-0.009201452050004555,-0.0015273262859333836,0.006373793175164233
paragraph_len_last,-0.00016708076480828615,0.0012283286409429503,0.0019458991893299693,-0.0010248477597658012,-0.0006414933966650826,-0.00094788109213223
IKI_ median_sent_len_std_Divid,-0.0001830973247148593,0.007897712721988574,0.006535936019243238,-0.013576715470325462,0.0019953146441070713,0.004313075508115716
input_word_length_max,-0.00019764270801572725,0.00514022388604105,0.004267921331265301,-0.0020053303469339534,-0.0078093532312201175,0.004756191414825861
sent_len_mean,-0.0002033232410036251,0.002889107945519047,-8.058220094736557e-05,0.0005008640059193104,-0.004650081859602806,0.003416507090616361
cursor_position_change_50_std,-0.00023059174295378404,0.001323776089500083,-0.002222939074352559,0.0003628400366293416,0.0013933769885466907,-0.00045564492263860945
num_bursts,-0.00026413129763301624,0.0019310194972400464,0.002123476325813889,-0.0032004863505765146,-0.0004598278774719522,0.000480312711702513
word_count_diff_Input_mean_paragraph_count_Div,-0.0002696979872622296,0.007905318927766497,0.006839344077646137,-0.013310978900540449,0.00027082320328142284,0.005122019670563971
word_count_diff_Paste_std,-0.00031393638717158723,0.007749431713701593,0.0071325147768699915,-0.013310978900540449,0.0019936594131554908,0.0029290591618286177
action_time_gap_3_std,-0.00031393638717158723,0.007749431713701593,0.0071325147768699915,-0.013310978900540449,0.0019936594131554908,0.0029290591618286177
slope_keystrokes_10s,-0.00033137381157199997,0.002913767738264153,0.00432062811229772,-0.002120060460445994,-0.00334738632103454,-0.0001786765771051857
word_count_change_20_mean,-0.0003432836125110833,0.005220146780782619,0.0017746301088652494,-0.009210956384902325,0.004276370410421226,0.0017868214155715156
sent_len_std_time_diff_Backspace_median_Div,-0.00035047381273774214,0.004485406751621481,0.0044259883884314455,-0.007576705013345453,-0.0002305332733230081,0.001979354647286047
action_time_gap_100_mean,-0.0003546700449768292,0.005646646898166626,0.006471247076435038,-0.00492404259383411,-0.00684578570150568,0.0038799010389974353
down_event_5_cnt,-0.0003905402680087211,0.004680982541602518,0.0027319599545301276,-0.007547913433883335,-0.001416809770098948,0.004670602177417271
action_time_gap_100_min,-0.0003930130271836141,0.0031715568361782268,0.003237796702829532,-0.005481079315632742,0.0005615520470373392,0.00010967845703141466
IKI_mean,-0.00039808065682112037,0.005223177858058233,0.0012061410617039692,0.00047448322218157646,-0.008803209785828048,0.005530262874658021
word_len_sum,-0.00043293675251074304,0.0005227922974699381,0.00025251128565950687,-0.00016162447438466954,-0.0006967212111884113,-0.0011259126101293981
down_event_5_cnt_sent_len_ge_50_count_Div,-0.00044025605563038916,0.005706683623257433,0.006742664596451398,-0.009036809985431493,-0.0011065169491407678,0.0016396381155993067
cursor_position_change_3_std,-0.00044775283727768733,0.005531845568003435,0.006311955074822573,-0.007941093159750445,-0.0032662429792796877,0.003104369715096811
time_diff_ArrowRight_max,-0.00044874513030451757,0.007917989911172468,0.008953394216527577,-0.012938365369546567,0.0019953146441070713,0.00019467598769384864
action_time_gap_3_mean,-0.00044929428606695077,0.0027345826208728,0.0003712107631043682,-0.0012996307701052534,-0.004210290565255126,0.003341533427988208
keys_per_second,-0.00044929428606695077,0.0027345826208728,0.0003712107631043682,-0.0012996307701052534,-0.004210290565255126,0.003341533427988208
word_count_diff_Input_std,-0.00046520403148871126,0.0047686293455261606,0.00660960758495055,-0.006164543329207461,-0.003086578400499973,0.0007806980188020396
word_len_ge_5_count,-0.00048114091106299384,0.0024268526243242322,-0.001876685258115851,-0.0008247945329763473,-0.002772270324962467,0.00354918647180269
word_count_change_50_mean,-0.000481178022239917,0.005671846819734305,-0.0052620758680754776,-0.0028423674300543933,-0.0030233365262484213,0.009203067735418624
action_time_gap_20_sum,-0.0005123938201535422,0.0026036968074376037,0.002432210193019424,-0.004585015908702084,-0.0007306227259740727,0.0008338531610425637
sent_len_ge_80_count,-0.0005409958075860977,0.004496991348518511,0.005692337655041402,-0.002920870740566517,-0.006272255443020847,0.001336805298201571
cursor_position_diff_Space_sum,-0.0005686958631578448,0.0034163052691422832,0.003747718350049445,-0.0047991995487071115,-0.002864680572541467,0.0016413783185677544
word_event_ratio,-0.0006177749349282058,0.0026993741591978394,-0.0003027118323406519,-0.0012996307701052534,-0.004210290565255126,0.003341533427988208
word_len_ge_6_count,-0.0006271536094505648,0.0063820773289922994,0.006307448574013219,-0.008328623250202949,-0.005498634685733861,0.005011194924121332
action_time_gap_50_max,-0.0006619535719888797,0.003706678527334169,0.002432210193019424,-0.0054255319811779,-0.0030905928088557633,0.0034361003090587205
time_diff_comma_std,-0.0006735879354090729,0.003099727492252184,0.0011899429021546837,-0.0026681443327594145,0.0033272555708320772,-0.004543405881863638
time_diff_ArrowLeft_max,-0.0006795539146204899,0.0033516953997775856,0.0035082278473984596,-0.005810896333477089,-0.0007654938337897099,0.00034994666138638
time_diff_Paste_std,-0.0006867696018076352,0.0037386815080588144,0.002432210193019424,-0.005524796100452922,-0.0030905928088557633,0.0034361003090587205
leading-edge revisions_count,-0.0007023871294475348,0.004925283898515559,0.0044995281928417175,0.00047448322218157646,-0.008803209785828048,0.0010196498530146147
long_pauses_sum,-0.000723564508837149,0.005052387402652734,0.0012343734294471553,-0.003394713177790998,-0.007108011839889572,0.006374093552884819
paragraph_word_count_skew,-0.0007561783072354555,0.006771775928438972,0.006311955074822573,-0.010676576007645155,-0.0032662429792796877,0.004606150683160448
number_of_characters,-0.0007684415028369057,0.004141495566187119,0.0025724482024145345,-0.007759310915729178,7.854860785277973e-05,0.0020345480941142413
time_diff_Input_median,-0.0007721383118541314,0.0046397169402757335,0.002164390165372121,0.0017065749884949688,-0.008803209785828048,0.0018436913845444325
input_word_length_skew,-0.0007812143720551806,0.0018298173668884565,0.002218759534415915,-0.0009150338778118328,-0.0025801841527352543,-0.0018483989920895505
IKI_skew,-0.0007868868657947697,0.0052770414041278515,0.007076028313336646,-0.0062889850070404485,-0.004839874044254067,0.0009052832747787898
time_diff_Enter_sum,-0.0007934973008080076,0.0024103584097323384,0.0017441017878827014,0.00017841377870653208,-0.004750178764435453,-0.0003463260053858108
P-bursts_median_sent_len_ge_50_count_Div,-0.0007936698453261809,0.00451779440192644,0.0023999310248754013,-0.005659653464812675,-0.004772379814376837,0.004857422873009387
word_count_diff_Input_mean_sent_len_std_Divid,-0.0007988376603948744,0.002148607451774073,-0.0005584473195371364,0.00047448322218157646,-0.004352232339183804,0.0012408457949598661
sent_word_count_q3,-0.0008894919869410212,0.005181794149769111,0.006832715967302672,-0.005155453147250244,0.0008175135206732742,-0.006052744288489786
time_diff_Nonproduction_mean,-0.0009255649093453389,0.002467799361200651,-0.002905389511241585,-0.0023307954399453545,-0.0017565722968025943,0.0032904976106081785
cursor_position_std,-0.0009610578238770651,0.004381194483782712,0.0035082278473984596,-0.008135843596217218,0.0013047994848781053,-0.0005214150315676069
paragraph_len_kurt,-0.0009866474316334861,0.0028428964719249667,0.00159583309080924,0.00017841377870653208,-0.005799774826946158,7.893823089644147e-05
text_change_1_cnt,-0.00100659881937111,0.006723647377840326,-0.009609856125510519,-0.0015498277168904395,-0.00212060010294296,0.009253888667859478
paragraph_word_count_mean,-0.001014774763514928,0.00423232759185935,0.002432210193019424,-0.007057779353786486,-0.00286963020235137,0.0034361003090587205
word_count_change_1_std,-0.0010389574761429654,0.0023309934763758753,-0.00018056167497382258,-0.004891725123797763,0.0013721018168383337,-0.00045564492263860945
sent_len_ge_75_count,-0.0010393010596961433,0.005594339125831735,0.0035651112160373644,-0.009709948479851738,-0.0022107620716989573,0.0041983950967287575
sent_len_ge_50_count,-0.001056148932843351,0.003816375972657326,0.004705773112329725,-0.00037150195283236487,-0.002898982609913947,-0.005659884280956817
cursor_position_diff_Nonproduction_std,-0.0010702013809513328,0.005766696447858623,0.006311955074822573,-0.00979859508831138,0.00044905070653533663,-0.0012432162168518612
word_count_change_10_mean,-0.0010891106518158833,0.005185887810259545,0.0016449586540010497,-0.009210956384902325,-0.0015273262859333836,0.004736881409571125
P-bursts_count_time_diff_Input_mean_Div,-0.001122647328091822,0.004174159241553451,0.0014522052362220261,-0.008345210511244316,0.0014231649980763206,0.0009792509645786818
word_len_sem,-0.0011388639017527458,0.003854484316433763,0.0044995281928417175,-9.702921498466743e-05,-0.005934758445351629,-0.003023196139516404
sequence_of_backspaces_mean,-0.0011553558587539675,0.0022235715591509483,-0.0013888461432904897,-0.0004013473329150252,-0.004499327492341887,0.0016680975335315318
down_event_1_cnt,-0.0011751444155699842,0.006286387785748824,-0.0052620758680754776,-0.003914637250038211,-0.005197213760055663,0.009673349215889415
cursor_position_diff_Remove/Cut_sum,-0.0011874538298721066,0.005025943362877215,0.00034860935979252883,-0.005490618383142465,-0.005981899849023309,0.006374093552884819
Number of revisions Backspace 2 word,-0.0011886934153780004,0.003403533599531545,-0.0018485833904012816,0.0015030424128988362,-0.006481944276504503,0.002072711592494947
P-bursts_max,-0.0011977383288746118,0.0061186579307701975,-0.00962378757873239,-0.003914637250038211,0.0022185783592257313,0.006528893154046422
sent_len_q1,-0.0012179587925622432,0.0013560978211699423,0.0002485506866020115,-0.003271833724633799,-0.0015624193986062407,-0.00028613273361094427
word_count_change_50_std,-0.0012836395777379161,0.0031960601568160473,-0.0026369880496513454,-0.005879869245529745,0.0013721018168383337,0.0020101971673910923
text_change_3_cnt,-0.0012986925887540496,0.004302248087891026,0.0009140927549322053,-0.006102956575063878,-0.0046236730292366635,0.004617766494352138
time_diff_Remove/Cut_std,-0.0013218434216709096,0.004606554893561364,0.0017088799813358424,-0.00921284293386282,0.0002091026695810183,0.00200748659626232
cursor_position_change_10_mean,-0.0013301842264211439,0.006075614218565421,0.00034860935979252883,-0.004803224933898453,-0.008531280578348788,0.007665159246770137
cursor_position_diff_Leftclick_std,-0.0013473476388165956,0.004319273180277713,0.0012497152396906408,-0.008654721876625082,0.002309444093341939,-0.00029382801167388006
sent_len_first,-0.0013729993725174194,0.004303577178544618,0.0013508900255913003,-0.008805305464681112,0.0013933769885466907,0.0005690409604734437
word_count_diff_Backspace_std,-0.001380222746342613,0.004339239475457429,0.004110744194741278,-0.0036565824461509133,-0.007159852793127697,0.0011848000591668795
cursor_position_mean,-0.0013975990078226447,0.0036947009373355924,0.0018136060479289062,-0.002101206859292326,-0.007159852793127697,0.0018570575732005379
action_time_mean,-0.001400150802743097,0.005096039843562517,-0.00014317857233203668,-0.005181525703816636,-0.006649992487708534,0.006374093552884819
event_time_ratio,-0.0014121360904966185,0.0023289723501776056,-0.0018271658353327114,4.159649956869682e-06,0.0011708196262488757,-0.004996357802859508
time_diff_abostrove_std,-0.0014195372166929537,0.003077287003130818,0.002468877289121929,-0.0029078240894898078,-0.005591444710651372,0.0003522426442474358
mean_keystrokes_15s,-0.0014318322264754574,0.005779421677514682,0.003618857734792369,-0.01016999795755269,-0.0031196033321452266,0.003943414649003718
time_diff_Replace_median,-0.0014407168097671647,0.0022312226707658853,-0.0010188954500660041,-0.0009184336123920223,0.0011708196262488757,-0.004996357802859508
time_diff_ArrowDown_max,-0.0014582424890066115,0.0046770707237551975,0.0023999310248754013,-0.00716966483841347,-0.004906366548603769,0.0038431304061153915
word_len_ge_6_count_mp,-0.0015204402604288292,0.002345340628830013,0.0005165815490464909,-0.0053892198292988525,0.0001725837831946242,-0.0013817065446575794
down_event_3_cnt,-0.0015897557573722326,0.006477966764334049,0.0030650913144726344,-0.003888864411323134,-0.011078099079977255,0.005542849147338824
paragraph_len_std,-0.0015913379782462322,0.006451860041299216,0.007076028313336646,-0.008582148488302799,-0.00696315214358495,0.002103920405566173
time_diff_Shift_sum,-0.0016032925262586678,0.00398197280092405,0.005244485071479399,-0.00440279175166669,-0.0041278798706352315,-0.0031269835542121482
time_diff_Shift_median,-0.001609659273289224,0.0031908563486775098,-0.0014599146954414888,-0.0061647571988938665,0.0028570124692502974,-0.001670977668071838
cursor_position_change_50_sum,-0.0016535919261913279,0.003716338407631127,0.003497644710598824,-0.0040904146528329965,-0.006100080295530608,7.848253299946872e-05
sd_keystrokes_30s,-0.0016699333655911114,0.00464596599638411,0.0025150020558421526,-0.009210956384902325,-0.0017706005488757892,0.0017868214155715156
cursor_position_change_20_sum,-0.00169965460074456,0.002676913743794196,-0.000466928131183153,-0.005324067272454158,-0.002864680572541467,0.0018570575732005379
word_len_ge_6_count_mi,-0.0017359119363766912,0.004235490930463399,0.0031864084181834063,-0.00841547618849059,-0.0016842616797910215,-3.0318295408560125e-05
time_diff_dot_mean,-0.0017373506295298435,0.006990289487796801,0.0028768458275724162,-0.013829049586061182,0.0019953146441070713,0.00200748659626232
median_keystrokes_80s,-0.0017516137706534707,0.0037138571177096824,0.001579493174547697,-0.0065990106814159954,-0.004110185076082462,0.002123247500336878
word_count_change_100_std,-0.0017686570266474688,0.0034213257892571187,0.0011575906630864052,-0.005954510470103314,-0.004296723898982502,0.002019015599409535
cursor_position_change_100_max,-0.0018212477767863139,0.00402708755233661,0.000246089708433761,-0.0034444880744264883,-0.007422066309839825,0.003335473568687297
sequence_of_backspaces_sum,-0.0018240350210603773,0.005898689757655633,0.004549592547026027,-0.010021026337984351,-0.00476605530960128,0.0029413490163180955
cursor_position_diff_Replace_median,-0.0018487547593722398,0.005187286279418936,-0.0052620758680754776,-0.005767055488630324,-0.003367130121532169,0.0070012424407490115
time_diff_Remove/Cut_mean,-0.001851521635299655,0.00481054848828104,0.0017260767972761548,-0.009323428297028591,0.0029551856816346644,-0.0027639207230808482
pauses_2_sec,-0.0018545753677962212,0.002938540227111868,0.002207963034557725,-0.005386038346597011,-0.0037668682331136183,-0.0004733579260319809
action_time_std,-0.0018558323034262442,0.0039959495138950415,0.0037899344857219575,-0.0053131925452800655,-0.005920546137808014,2.0474983661145085e-05
action_time_gap_5_sum,-0.0018770678463273932,0.0018074533988199442,0.0007049906890911894,-0.003960426795717398,-0.0031102341173341874,-0.001142601161349177
sent_word_count_kurt,-0.001887273505460793,0.006009634740668551,-0.005121488675612351,0.0005266719772081263,-0.00947211011647664,0.006517832793037692
word_count_diff_Backspace_mean,-0.0018877604829424521,0.004254157694428558,-0.002472171559734615,-0.002208811882224604,-0.00741570183671364,0.00454564334690305
sent_len_kurt,-0.0018886452316635577,0.003400585141174731,-0.00044853699047320283,-0.002101206859292326,-0.007159852793127697,0.002155015716238995
time_diff_Leftclick_std,-0.001889629877016033,0.0052145940469152255,-0.005425576338650651,-0.005767055488630324,-0.003367130121532169,0.0070012424407490115
time_diff_dot_median,-0.001951812625653429,0.0033012204650981394,0.002341048630380538,-0.006592092830252472,-0.00044187373000104113,-0.003114332572740741
activity_1_cnt,-0.001990689462719769,0.006098302443138565,0.006311955074822573,-0.010676576007645155,-0.0032662429792796877,-0.00033189393877680606
activity_2_cnt,-0.00202781535517714,0.003509511361481061,0.0018954729755969457,-0.007713077428216808,-0.0011448177987743446,-0.001148839169314353
cursor_position_change_5_std,-0.0020304044247963227,0.002210410922471748,-0.0016626148061643642,-0.0026334647164102942,0.0011708196262488757,-0.004996357802859508
paragraph_word_count_median,-0.0020356962196640543,0.002118932729419611,-1.1141036576012286e-05,-0.003029433635270029,-0.005035242103632764,-6.696810317741164e-05
sequence_of_backspaces_max,-0.002038307477839285,0.0028288455685827247,0.0017988802048349295,-0.004389483796146454,-0.005089268394013635,-0.0004733579260319809
time_diff_ArrowLeft_std,-0.0020533783742236744,0.005942803871356787,0.00011456568396051026,-0.005181525703816636,-0.00952064702992339,0.006374093552884819
action_time_sem,-0.002059337414276649,0.003502764802207659,0.0016706789112106435,-0.007767031358908771,-0.0016322141473565366,-0.0005087830620519318
time_diff_Space_median,-0.002085432867221057,0.002902439813715103,0.0011867653117469401,-0.004349063613142301,-0.005535622070953039,0.00035618890346417187
sd_keystrokes_45s,-0.002087424800429158,0.004100838961291194,-0.0007143213489416156,-0.0018780515506455764,-0.008539323635695928,0.0027819973335664883
action_time_gap_3_max,-0.002103035979339446,0.00545782582430998,-0.00742515996662807,-0.004621096269946556,-0.003367130121532169,0.0070012424407490115
sent_word_count_max,-0.0021128491328570725,0.004290417301135381,0.0024302870371812335,-0.009075055530208653,-0.0017956054262970311,-1.1022612103839258e-05
cursor_position_max,-0.0021238726980386674,0.003476572887803837,0.0021291344562544556,-0.006956186428847877,1.4156675996468415e-06,-0.003669854487160895
cursor_position_change_2_mean,-0.0021243722616872407,0.004244880684463561,0.0025150020558421526,-0.008971790200667629,-0.001803738380084463,-0.00023696252183902367
paragraph_len_max,-0.002130607809735355,0.005273972090988619,-0.004292280197348786,-0.0034444880744264883,-0.007422066309839825,0.00663640334267368
R-bursts_std,-0.0021313658254125817,0.004805679251269068,0.004684538677478867,-0.005734174392157787,-0.007464804974867567,-1.1022612103839258e-05
Percentage_of_I_bursts,-0.002133423465412093,0.0019516503498653872,-0.0018648360252098706,-0.004596698860943604,-0.002864680572541467,0.0007925215970465693
median_keystrokes_180s,-0.002140671192564475,0.0023913146344403963,0.00018617722789682212,0.00014208934791415384,-0.003544344139850497,-0.005346607206218379
max_keystrokes_80s,-0.0021455982749354896,0.004387961330053432,0.0016525245708605696,-0.004616849382443,-0.008081780347109435,0.0024637120589499073
median_keystrokes_120s,-0.002155766061247663,0.0018621034728996558,0.000708090461248756,-0.004425628754497923,-0.002864680572541467,-0.002040845379200018
time_diff_Space_sum,-0.0021579826354306414,0.003889317155670137,-0.0032005037473893383,-0.007454970718967668,-0.0013617834197688916,0.0033853273444033327
sent_word_count_median,-0.0021605430208453957,0.0031253922575163783,-0.006829844748259484,-0.002029153587284449,-0.0017565722968025943,0.001973398548964944
cursor_position_change_20_std,-0.0021826426942674337,0.0076426087953828,0.0071325147768699915,-0.013310978900540449,0.0019936594131554908,-0.004545766066554768
sent_len_ge_15_count,-0.0021928755618478984,0.0043686600496387045,0.0047087437038845215,-0.0027151816505127657,-0.007393476216274342,-0.003371588084489008
cursor_position_change_5_mean,-0.002216402320246627,0.002203252974746125,-0.00012662103578298112,-0.004116903033163588,7.854860785277973e-05,-0.004700633819892719
time_diff_Input_sum,-0.0022176877531118327,0.0038297750853507964,0.0028090293001118427,-0.005734174392157787,-0.006126748762666445,0.0001811428422650585
time_diff_ArrowDown_median,-0.002218520032238533,0.006048897778549519,0.006311955074822573,-0.010676576007645155,-0.0032662429792796877,-0.0012432162168518612
cursor_position_diff_ArrowUp_max,-0.002218520032238533,0.006048897778549519,0.006311955074822573,-0.010676576007645155,-0.0032662429792796877,-0.0012432162168518612
paragraph_len_q1,-0.0022258066782103736,0.004202159197023358,0.002943134979527917,-0.0006927194332075892,-0.008667586212859735,-0.0024860560463020875
word_time_ratio,-0.0022291006248679884,0.0038267621954253604,0.0017924913866639858,-0.008352189748930372,-0.002340863964441109,-1.5840172764458593e-05
sent_len_max,-0.002232743074769436,0.004171149834367931,0.004265515782196028,-0.0065990106814159954,-0.0015624193986062407,-0.005035058001251536
median_keystrokes_5s,-0.002235953484010622,0.003124951311801195,-0.006829844748259484,-0.0023307954399453545,-0.0017565722968025943,0.001973398548964944
time_diff_Delete_std,-0.002235953484010622,0.003124951311801195,-0.006829844748259484,-0.0023307954399453545,-0.0017565722968025943,0.001973398548964944
sequence_of_backspaces_min,-0.002237311416749141,0.002468473952064994,-0.0018657853409441705,-0.0011857108063647037,-0.006274300624064644,0.00037655110437695427
time_diff_abostrove_max,-0.002240948920502722,0.00272170767163397,0.000352856516241451,-0.006809531219154286,-0.001052155538112387,-0.0014549654409856672
max_keystrokes_120s,-0.0022658928933727424,0.003084498161022652,0.002748239189248103,-0.0036046531757817357,-0.005581505897700789,-0.0026256516892565473
max_keystrokes_30s,-0.0022916732528337758,0.0033135231314784406,-0.005621370653910607,-0.004804155564672563,0.002803440306614502,-0.0015446070993664351
backspacing_time_mean,-0.0023160011699203537,0.004951240443501307,0.003497644710598824,-0.005621302071835366,-0.008579651574900371,0.001439304256455498
word_count_change_5_mean,-0.002323957271844923,0.0042523908036496425,-0.0026210579756465457,-0.0013957343237806508,-0.008605349680341212,0.0033263128923887164
cursor_position_diff_ArrowUp_std,-0.0023606650213386093,0.004473577677754656,0.0016449586540010497,-0.009933008212368533,-0.00018650961827898493,-0.0009681009087079695
IKI_std,-0.0023622270813603435,0.003995792658337996,-0.008296944869937761,-0.0017590435751828615,-0.0023486384220245404,0.002955718541703789
time_diff_Replace_mean,-0.0023696575016206867,0.003770801721486796,-0.004325739392160299,0.0024225160376069588,-0.00739761267237643,-0.00017779397955297593
time_diff_Leftclick_sum,-0.0023876282095802726,0.004836104148742324,0.0030350943668324137,-0.005574296059180028,-0.008579651574900371,0.0015683404289268954
IKI_median,-0.0024154210854131636,0.006837355459381167,-0.0025824229992248426,-0.012277156270533496,-0.0018411102107591115,0.007039005138864796
action_time_gap_1_std,-0.0024288729914739016,0.004140982832888008,0.0025150020558421526,-0.008971790200667629,-0.001803738380084463,-0.0014549654409856672
word_count_diff_q_sum,-0.002430759089163931,0.0032434574688867818,0.00018024439694874772,-0.007615573879091064,-0.0027357343193814554,0.0004480274448680488
sd_keystrokes_180s,-0.0024313009870265273,0.002394888463659641,-0.0008976833585074284,-0.005435026587909952,-0.0039861164045842945,0.0005936224028955661
cursor_position_diff_ArrowDown_median,-0.002456483792898978,0.004070620366928981,0.0016449586540010497,-0.009210956384902325,-0.0015273262859333836,-0.0007326111547612535
word_len_ge_6_count_md,-0.002462427652825644,0.0035712394376680562,-0.0008829157797045073,-0.006147416295652186,-0.005454716413471894,0.0026353378775260117
up_time_quantile,-0.0024679539584820387,0.0017865234121850534,0.0003177197686201616,-0.004656209650874932,-0.0029076742624168372,-0.0026256516892565473
Percentage_of_R_bursts,-0.002490082729827231,0.004535938321241073,-0.002745402750488679,0.0007708871390283423,-0.009784404330643703,0.0017985890227951162
time_diff_ArrowLeft_mean,-0.0025132686727035863,0.004047407702059081,0.0016449586540010497,-0.009210956384902325,-0.001518976051205101,-0.0009681009087079695
action_time_gap_10_std,-0.0025196724990133174,0.0013498232240008253,-0.0017127617327972744,-0.004656209650874932,-0.001084066923124516,-0.0026256516892565473
cursor_position_diff_Backspace_sum,-0.0025196724990133174,0.0013498232240008253,-0.0017127617327972744,-0.004656209650874932,-0.001084066923124516,-0.0026256516892565473
max_keystrokes_45s,-0.0025196724990133174,0.0013498232240008253,-0.0017127617327972744,-0.004656209650874932,-0.001084066923124516,-0.0026256516892565473
action_time_gap_100_std,-0.002533563079795756,0.0022410998233705058,-0.0018648360252098706,-0.00398287308828843,-0.005079064802731292,0.0007925215970465693
time_diff_Delete_max,-0.0025336237003557582,0.0036150655543705943,-0.0007143213489416156,-0.0018780515506455764,-0.008539323635695928,0.000997201733860087
pauses_1_half_sec,-0.002533740307893592,0.0069442284310597185,0.004414910177173492,-0.0027042557636799414,-0.01372039904319583,0.0018747833981279105
paragraph_word_count_q3,-0.0025364783182979106,0.004085832483819693,0.0016449586540010497,-0.009303794967279622,-0.001518976051205101,-0.0009681009087079695
percentage_long_pauses,-0.0025468748776904526,0.004039600569846326,0.0016706789112106435,-0.009210956384902325,-0.0015273262859333836,-0.0011198957511367458
up_time_std,-0.002550903570454524,0.004332612301267262,0.001452680573541365,-0.009631428043872736,-0.002459814437163088,0.0004349476256763629
cursor_position_change_5_max,-0.0025601379544498565,0.0030392715046968642,-0.0013539717310477317,-0.007504512131998375,-0.002115799361000037,0.0007337314062467182
30s_extrema_per_user,-0.002566738778119207,0.002550877391292265,-0.0018648360252098706,-0.006329960111772059,-0.002864680572541467,0.0007925215970465693
mean_keystrokes_120s,-0.0025730351628245884,0.005560381486526166,0.004893894552478351,-0.010676576007645155,-0.0032662429792796877,-0.0012432162168518612
std_pause_time,-0.002573116070307732,0.0038964316010936455,-0.008296944869937761,-0.0023527367409291178,-0.0023486384220245404,0.002705855751660491
action_time_gap_5_max,-0.002590662629297122,0.002539997475885237,0.00020357898671385932,-0.006436118057974005,-0.00091212254895634,-0.0032179888969720016
paragraph_word_count_mean_pauses_1_sec_Divid,-0.002607325650694131,0.004497297136264591,-0.0005375200700227234,-0.009785769800873867,0.00240050912733214,-0.002506521859212074
P-bursts_std,-0.002660293950005291,0.003903129337132368,0.0010652077795225146,-0.009210956384902325,-0.0015273262859333836,-0.0009681009087079695
time_diff_dot_sum,-0.0027040179724266283,0.005198323104497794,0.004022497283896587,-0.007294920629322799,-0.008215214706761065,0.0006715661624807634
word_len_mean,-0.002705880629901916,0.002745495550377436,0.0018174050272445341,-0.005095905278483359,-0.004695346722537963,-0.0028496755458308765
sent_word_count_first,-0.0027062689587402378,0.005505579897847225,-0.008589695852599666,-0.003914637250038211,-0.00463869203172157,0.006317949299398495
time_diff_ArrowDown_mean,-0.002711940366311588,0.0031014284463865005,-0.007828694215304521,-0.002242998786360806,-0.0011859308515043132,0.00040986238792328766
long_pauses_count,-0.0027234007190062165,0.003842710228866242,0.000804430468790529,-0.009210956384902325,-0.001518976051205101,-0.0009681009087079695
time_diff_ArrowRight_std,-0.002734358257442393,0.004617148110309054,0.0035082278473984596,-0.009356764848530763,-0.0036339305876516015,-0.0014549654409856672
time_diff_Enter_std,-0.002752533073946614,0.006337073696274315,-0.0017331736884608762,-0.011337158777071255,-0.004321651632094248,0.006381851801839922
down_time_max,-0.002765218051089119,0.0038060026252269195,0.0006455113751872021,-0.009210956384902325,-0.0015273262859333836,-0.0009681009087079695
action_time_<function NDFrame._add_numeric_operations.<locals>.kurt at 0x000000AF92C74FE0>,-0.002768714018474394,0.004322222073366641,-0.009609856125510519,-0.0007578646139905221,-0.002824985292130433,0.002117849957733897
paragraph_word_count_max,-0.002773325753143027,0.004424962458329053,0.0014207480133657246,-0.009977183902157016,-0.0027357343193814554,0.00019886719560063826
cursor_position_change_50_mean,-0.002786818941816413,0.005129309948383535,-0.008935536095571461,-0.003914637250038211,-0.003603133191687702,0.005306030770031722
sd_keystrokes_60s,-0.002794586650370731,0.003829462173380206,0.0023999310248754013,-0.008233127069159685,-0.0036895838416091675,-0.0016555667155894738
cursor_position_diff_ArrowDown_max,-0.0028307406528045864,0.0025879539579591305,-0.002872630263588971,-0.005221680883426394,-0.0046236730292366635,0.0013950215650336828
action_time_gap_10_max,-0.002839586857959056,0.003124259050550619,0.001579493174547697,-0.0065990106814159954,-0.0015624193986062407,-0.004776410526361685
action_time_gap_10_sum,-0.0028518565082571445,0.004787036303459373,0.0035082278473984596,-0.009826757851789769,-0.0036339305876516015,-0.0014549654409856672
action_time_sum,-0.0028579425842905626,0.005304759717901467,-0.008935536095571461,-0.003914637250038211,-0.004243531188808103,0.005661934197255525
time_diff_Delete_mean,-0.0028588744210557293,0.00342095579180985,0.0023999310248754013,-0.0065990106814159954,-0.0022013600264307875,-0.005035058001251536
time_diff_Shift_mean,-0.0028784506249240754,0.003551749226228884,-0.0012780822697288086,-0.008717943520724969,-0.0023102983062890936,0.0007925215970465693
punct_cnt,-0.002879346541444186,0.0010790279792904413,-0.0025827449356842225,-0.004717315161527624,-0.0020686741421159227,-0.0021486519264489745
word_count_diff_Input_sum,-0.002922134105662999,0.004059135584271249,0.0016025579424320813,0.00014208934791415384,-0.008620299294195444,-0.0048128844188027875
sent_len_std,-0.002963002909749754,0.0034379807640707027,-0.0020274451784841885,-0.008755579554390602,-0.001260550655171111,0.00019156374904688578
time_diff_Enter_median,-0.0029970883921324326,0.0046408739569498555,0.0017723011548874679,-0.009980833582759308,-0.00435764083721063,0.0005778196965527393
max_keystrokes_15s,-0.0030035366742217906,0.0028262088704417245,-0.0024650562838064993,-0.005221680883426394,-0.005722431094687952,0.0013950215650336828
word_len_max_IKI_ median_Divid,-0.00301020023357447,0.005393109560402869,0.0032015051773292558,-0.011120696393173257,-0.004316285706147727,0.00019467598769384864
time_diff_Leftclick_median,-0.0030341871511101876,0.0011716982685685531,-0.0024851324954067167,-0.004562720080396765,-0.0036339305876516015,-0.0014549654409856672
time_diff_dot_max,-0.00304718034366476,0.0031779657274499874,-0.0011957608966284283,-0.001154757241457749,-0.00855095148963253,-0.0012872517469403322
paragraph_word_count_first,-0.003048477514374051,0.004036944262482059,-0.002096986609460949,-0.009886825278788702,-0.0004147255143122641,0.000204627345065711
cursor_position_change_3_sum,-0.0030559714504052593,0.005584207510009945,0.004301887981508823,-0.008460110580079616,-0.008475925534643658,0.00041026233159341396
word_count_diff_Input_mean,-0.003069502170615801,0.0045899985225595,0.001834513185434039,-0.009461302976783936,-0.005347290171369479,0.0006960712802561719
action_time_median,-0.0030918878928544863,0.004130078858059751,-0.0012311018641962268,-0.00976590597268756,0.0013933769885466907,-0.0027639207230808482
pauses_3_sec,-0.00310886824232684,0.004490071048677911,-0.009609856125510519,-0.002225532331681601,-0.003603133191687702,0.003003048679572462
max_chars_per_burst,-0.0031169659781145886,0.004912548006471746,-0.007756939641332783,0.0015030424128988362,-0.008286678276519355,0.002072711592494947
backspacing_time_skew,-0.0031280220308822354,0.004939010332631949,0.004483755681194135,-0.009225963030128459,-0.003077042776682637,-0.0046928379979119805
word_count_diff_Remove/Cut_std,-0.0031637346303574343,0.003474110341175896,-0.0018648360252098706,-0.008717943520724969,-0.002864680572541467,0.0007925215970465693
product_to_keys,-0.0031954430187897814,0.0046491134446269965,0.001583240091098781,-0.006239249974457184,-0.009203481868217733,0.0010777196764170105
sent_word_count_last,-0.0032083514330269597,0.002721966002437361,-0.00506383318544662,-0.004486336357263088,-0.004776185925094989,0.001492949735696858
time_diff_comma_median,-0.0032499941884873568,0.002960209896301807,-0.002472171559734615,-0.002208811882224604,-0.008141199332437232,-0.00017779397955297593
time_diff_q_mean,-0.0032536764203006246,0.005201100880335572,0.0024211837799752445,-0.009142145078585573,-0.007691368079222716,0.0013976236966305455
cursor_position_change_100_sum,-0.0032694266190504834,0.0037505379798149796,-0.0018648360252098706,-0.008324347283032274,-0.004766804893418797,0.0018782817254590078
cursor_position_diff_Leftclick_max,-0.003273327409261284,0.004707839775587959,0.004075099770612767,-0.00891879150152658,-0.003308006364741878,-0.004941611541389446
leading-edge revisions_max,-0.0032759835994929654,0.003036052952058359,0.001579493174547697,-0.0065990106814159954,-0.003308006364741878,-0.004776410526361685
P-bursts_mean,-0.0032782519862145643,0.004656117084142611,-0.009609856125510519,-0.003440607246706029,-0.003603133191687702,0.0035405886190459923
word_count_change_2_mean,-0.0032898127962611157,0.004533020515432317,0.0021624807360036136,-0.008573763665322087,-0.00687621832895291,0.00012825007322692095
word_count_change_20_std,-0.0032902331422379194,0.004375097311143957,-0.0010661485695913075,-0.009882086055254202,-0.004158244184640059,0.0019455462405338908
action_time_gap_50_min,-0.0033191459496177134,0.0021886616220705354,-0.002656826530262224,-0.005947051397152625,-0.004559485917624617,-0.00011321995343138713
sent_len_q3,-0.003333671159535978,0.004248581119504745,0.0016449586540010497,-0.009730697923898357,-0.004280844459538635,-0.0009681009087079695
word_len_ge_7_count,-0.003341722858607288,0.004346250710298886,0.004027770861040614,-0.0056026525724497955,-0.007138910125704168,-0.004653099597315802
text_change_3_cnt_paragraph_len_last_Div,-0.003350968187448719,0.00559854347407133,0.0038660863198054507,-0.007335045211858737,-0.010075780476027363,0.00014086661828577318
cursor_position_change_20_mean,-0.0033961652202382786,0.0043854546805931855,0.000845710970820035,-0.010139048059662703,-0.004419573865337367,0.00012825007322692095
paragraph_word_count_last,-0.003417647539215987,0.0027780514373797103,-0.0022560610181430185,-0.007588171534882837,-0.003862649646472871,3.629204263477792e-05
action_time_gap_2_sum,-0.0034413951671426607,0.002886825741539056,-0.004292280197348786,-0.0032131511830447157,-0.007152829288669504,0.000892680000492363
paragraph_len_mean,-0.003468366742189588,0.006141843696154223,-0.004459269820493328,-0.006939038464570224,-0.009234725707451263,0.006759567023756463
cursor_position_change_3_mean,-0.003469802946007808,0.004610081078930925,-0.0008976833585074284,-0.005435026587909952,-0.009870353744648952,0.0023238519070351016
action_time_gap_5_min,-0.0034891649637483757,0.002491414291792824,-0.0027738223820489294,-0.005282130234478155,-0.006153594625792513,0.00025288738732609506
IKI_max,-0.0034897572498459317,0.0052415954275295456,0.003353446316906039,-0.010125693074701014,-0.0066764684160934284,-0.0005103138254953232
R-bursts_mean,-0.0035229763629332222,0.0046089982599726,0.0017924913866639858,-0.009074545103835208,-0.007001415483608553,0.00019156374904688578
time_diff_Backspace_max,-0.003540008279302967,0.005690405342428038,-0.0014599207743514198,-0.013315305680535128,0.00043313721972609853,0.00018205611794858134
sequence_of_backspaces_std,-0.0035620391739635687,0.003868577347520503,-0.0027880265979800534,-0.0001144064553461055,-0.010058471895587784,-0.0012872517469403322
time_diff_Input_max,-0.003580677503569593,0.0036561800257190287,-0.001405446244011288,-0.008639289353119306,-0.0052205844268629065,0.000942610009715128
word_count_diff_Input_mean_paragraph_word_count_mean_Divid,-0.0035882156321570408,0.0033020579800421388,-0.0026464789490844853,-0.009210956384902325,-0.0015273262859333836,-0.0009681009087079695
sd_keystrokes_15s,-0.0035992400982510497,0.0034673991037951664,-0.0005556800375862148,-0.009461302976783936,-0.0026861782085965125,-0.0016937991700375354
sent_word_count_sem,-0.003600098214292996,0.003932335001030354,0.0030253789257925767,-0.0059856955797157885,-0.007000022840948972,-0.004440053362299801
text_change_3_cnt_time_diff_Backspace_median_Div,-0.003616709989699554,0.004017779495889051,0.001108209557750539,-0.0015322634439784988,-0.004308765815020932,-0.009734020257549325
time_diff_abostrove_median,-0.003625208613829062,0.006493892986570853,-0.0019161910889782252,-0.004788621037101759,-0.012960556961849445,0.0051645346326131825
word_count_change_3_sum,-0.0036359599182551328,0.005978317872257745,0.003157760594318104,-0.013253494602487814,-0.0018224539755942737,-0.0026256516892565473
cursor_position_change_10_std,-0.0036438656892372884,0.0034564923003308494,-0.0005556800375862148,-0.009461302976783936,-0.002864680572541467,-0.0016937991700375354
sd_keystrokes_80s,-0.0036438656892372884,0.0034564923003308494,-0.0005556800375862148,-0.009461302976783936,-0.002864680572541467,-0.0016937991700375354
action_time_gap_3_sum,-0.0036462111008583875,0.005833583350029121,0.004301887981508823,-0.009936269987611879,-0.008475925534643658,-0.00047453686268683626
50s_extrema_per_user,-0.003662459280631969,0.004157134014449643,-0.008414696851219705,-0.006585348252121259,-0.001892047101189065,0.0022422550820021536
inter_key_median_lantency,-0.0036625084268848557,0.0013203457543628438,-0.002872630263588971,-0.005221680883426394,-0.0046236730292366635,-0.0019320495312873942
time_diff_Shift_std,-0.003692923531200973,0.0039836577879802885,-0.0019917544758880634,-0.010128025817791209,-0.0033220202880802074,0.0006701064569555881
input_word_length_mean,-0.0037081353264950406,0.0049021794330235844,0.0033926047689801786,-0.008494895157653504,-0.008036451747269302,-0.0016937991700375354
sent_word_count_skew,-0.00371433458954544,0.007018085039308223,0.008419386250318739,-0.008135044568092997,-0.007071368265111788,-0.008070311775295713
word_count_diff_Delete_mean,-0.003738893747205846,0.005091904903564719,-0.007915472519803901,-0.0025109717133158793,-0.008605349680341212,0.004076218924637609
sd_keystrokes_120s,-0.0037473388358833237,0.004479149270117716,0.0030253789257925767,-0.0059856955797157885,-0.009104094641179505,-0.0029249440484305778
word_count_diff_q_mean,-0.0037701399516382322,0.00563091773420227,0.003497644710598824,-0.009890865630049261,-0.008579651574900371,-0.00010768731220212047
pauses_1_sec_P-bursts_count_Divv,-0.003812775242044722,0.0037908468312038922,0.001967317112765654,-0.008229080034443392,-0.0058435398256996285,-0.003145798220801521
word_count_diff_Remove/Cut_sum,-0.0038137484375324465,0.004961694838199271,0.0017924913866639858,-0.010170370335225942,-0.007068678550614715,0.00019156374904688578
paragraph_word_count_sem,-0.003817358021319328,0.0030242415151017533,0.0010304696156652748,-0.005254259821503404,-0.007135399597227365,-0.003910242282211818
paragraph_len_q3,-0.0038703369182810643,0.004329968504722524,0.00012032613454121543,-0.010143229071216231,-0.00565459897742715,0.00019615424097790823
mean_chars_per_burst,-0.00388769862740819,0.0038706435335737147,0.0020223562117103744,-0.0059856955797157885,-0.008375518942759175,-0.0032119361988681705
word_count_diff_q_std,-0.0038878463590493184,0.004281891552835398,0.002920633306328191,-0.00890113246416735,-0.005130832916058314,-0.004440053362299801
action_time_gap_20_std,-0.0039023603220426917,0.004099022922994631,-0.0008976833585074284,-0.005435026587909952,-0.009870353744648952,0.0005936224028955661
num_revision_bursts,-0.0039866688836808495,0.00472236380433567,0.0030253789257925767,-0.010292588999034624,-0.00423941209918155,-0.004440053362299801
cursor_position_sem,-0.003994245987297959,0.00618106301250337,-0.0022807960165842633,-0.0021848103046662737,-0.014134436629221925,0.0026230590012806254
P-bursts_last,-0.003999136907637965,0.002388700451531976,-0.001219077826609738,-0.007811305976002714,-0.0033614834439713026,-0.0036046803839681063
word_len_ge_6_count_mt,-0.004002697194488369,0.002485348427067439,-0.0022709903110919583,-0.00504321588660539,-0.007541054104617806,-0.0011555284756383233
inter_key_largest_lantency,-0.004019117592391014,0.0041943471247993845,-0.0017331736884608762,-0.010285348622415036,-0.005025443414856445,0.000967495356168302
time_diff_abostrove_mean,-0.004061915481625253,0.002690872879256755,-0.0022768745019174363,-0.008715108440703612,-0.0025521311461585428,-0.0027035478377214206
action_time_max,-0.004081923003142335,0.0031819246390044063,-0.000466928131183153,-0.009169506786137593,-0.002864680572541467,-0.0038265765227071258
time_diff_Input_mean,-0.004085575771997682,0.006110748869712577,-0.004899641085403861,-0.0025109717133158793,-0.013007909213908597,0.004076218924637609
time_diff_ArrowUp_max,-0.004112889587988736,0.0036439702652324387,-0.0038062540430888747,-0.010149877114224715,-0.0015273262859333836,-0.0009681009087079695
std_chars_per_burst,-0.004139132444885979,0.0066695007387195995,0.004301887981508823,-0.010677107419757914,-0.01066390497704306,0.0004825946357482347
input_word_length_std,-0.004139264023266545,0.004646234334909285,0.0017924913866639858,-0.010170370335225942,-0.006808510517554711,-0.0013706666269495127
pauses_1_sec,-0.004143849814387937,0.005843325154926895,0.004468384177006901,-0.004907694414343744,-0.01200664543870894,-0.004129443581505965
paragraph_word_count_std,-0.004144167856860337,0.003773622376038227,-0.00016589936212146883,-0.010029350787419677,-0.004720538026696253,-0.0016608832512039484
cursor_position_diff_ArrowDown_mean,-0.004163014047023128,0.004590015416862364,0.00039542894870125966,-0.010170370335225942,-0.007068678550614715,0.00019156374904688578
sent_len_ge_50_count_time_diff_Input_mean_Div,-0.004167468567382579,0.008026811427368356,0.0016924557070309154,-0.015716819836041007,-0.00739761267237643,0.004752102531856206
paragraph_len_first,-0.0041761034122370505,0.0029770461034081892,-0.0010661485695913075,-0.006221786325134593,-0.007950787675412185,-0.0014656910788101163
cursor_position_nunique,-0.004203845278291651,0.0026021123214949402,-0.0018485327381304595,-0.00650757938983082,-0.0013811317324632366,-0.007078137252742089
cursor_position_change_1_std,-0.004268162913042717,0.003430753172162202,-0.0010661485695913075,-0.009882086055254202,-0.004158244184640059,-0.0019661728426852987
P-bursts_median,-0.004272149473535616,0.0031697121794127853,0.00018024439694874772,-0.007454970718967668,-0.0027357343193814554,-0.007078137252742089
sent_word_count_mean_paragraph_word_count_mean_Divid,-0.0042762947995305944,0.0035134636086328634,-0.004805487667886188,-0.008187767587727768,-0.005515606889116509,0.001403682946608087
text_change_4_cnt_sent_len_ge_50_count_Div,-0.004283677329258426,0.00474079109709599,-0.004856199343454937,-0.0006777227235941763,-0.011799095742403953,0.00019830849241936344
action_time_gap_5_std,-0.0043348356849116365,0.004092595797663195,-0.0010661485695913075,-0.009882086055254202,-0.006582671863847922,0.00019156374904688578
cursor_position_diff_Nonproduction_max,-0.004344838755641303,0.004851003089738022,-0.0017526775441795706,-0.012605048487523418,-0.0027588474138240393,-0.0002627815770381847
word_count_median,-0.004347771657159327,0.005781466550378032,0.004301887981508823,-0.009335002192143282,-0.009873959020059886,-0.0024840133979429635
sent_len_ge_60_count,-0.004408608613809817,0.00639052860075365,0.0028275132157757343,-0.008238371143058865,0.0006159617753613289,-0.012839538303317466
action_time_skew,-0.004434150507038326,0.002988982986038738,-0.0023650099915391576,-0.009195931739979957,-0.0014823680398532435,-0.004693292256780945
time_diff_Enter_max,-0.004474975787089913,0.0037243921876208928,0.0017643249945263895,-0.007785322883046286,-0.005130832916058314,-0.006748072343781442
word_count_diff_Remove/Cut_mean,-0.0045691962646692424,0.006562182510513067,-0.008296944869937761,-0.0010481498994682203,-0.013007909213908597,0.004076218924637609
action_time_gap_100_max,-0.004584297956763975,0.006400147662316567,0.004301887981508823,-0.010677107419757914,-0.01066390497704306,-0.001298067411763748
time_diff_comma_mean,-0.0045884831421702105,0.0034643402483702577,-0.0017331736884608762,-0.010285348622415036,-0.004464301581831309,-0.0018711086759736206
time_diff_Nonproduction_std,-0.004671139073298677,0.004932190449006608,-0.001405446244011288,-0.008543073396391931,-0.010345711069799146,0.001609674417007656
word_len_std,-0.004684288550425131,0.0037329413753282746,0.00047545881051508365,-0.009820636666177385,-0.0058651901849255395,-0.0035267861611126827
time_diff_Delete_median,-0.004716186359139243,0.005929195055297634,0.003758131414476451,-0.012650186037247435,-0.0066764684160934284,-0.003296222397692561
word_len_ge_9_count,-0.004727495470166335,0.0033619627108352266,-0.0014352057750108282,-0.010214355789762208,-0.0026662870905349023,-0.0045941332253574
cursor_position_change_100_mean,-0.004760090223414198,0.00529480942222174,-0.001076431877709283,-0.011778394787875235,-0.007770061032587983,0.0015845268045157068
max_keystrokes_180s,-0.0047894272591207515,0.0025625527704282516,-0.004014937714687361,-0.008832304502169874,-0.001744411437719029,-0.004566055381906742
total_time,-0.004806481052851294,0.004322905636985578,-0.001405446244011288,-0.009103870423614713,-0.009065411889401576,0.0003488043456223999
P-bursts_first,-0.004828070528162337,0.0038149008546357445,-0.002244093622232435,-0.010227303948252386,-0.00038544792779715564,-0.006455436614367371
sent_len_last,-0.004836662119949042,0.0045318982359895035,0.0011757788770429545,-0.009516304589214042,-0.008910093093765115,-0.002096029673859967
median_keystrokes_30s,-0.0048432546997616704,0.0028489481522272417,-0.0050809729386502855,-0.009386519908654911,-0.002864680572541467,-0.002040845379200018
word_count_change_1_mean,-0.00488547943901127,0.004091993567488611,-0.009575708877850975,-0.005304812925151503,-0.0063150257756456885,0.0016536298226030866
up_time_mean,-0.004944980731629869,0.0020837703245293266,-0.0019988522667438446,-0.007440621392860058,-0.00408416980304227,-0.006256279463873304
text_change_0_cnt,-0.004952787187947741,0.00396417559794503,0.0018000838073546355,-0.0073747678627509305,-0.006114940233965804,-0.008121524462428864
8s_extrema_per_user,-0.004954840946944261,0.005721051440263697,0.0029888287233665878,-0.012835501697357643,-0.0066764684160934284,-0.003296222397692561
time_diff_ArrowUp_median,-0.004963661478607495,0.005489225759280854,-0.007915472519803901,-0.0025109717133158793,-0.011982971496186268,0.002554769814876068
sd_keystrokes_5s,-0.004969400525242307,0.006012332698043597,0.0017924913866639858,-0.010170370335225942,-0.011691286901454156,0.00019156374904688578
num_insertion_bursts,-0.0050468829210597865,0.0035304815107112617,-0.0020980268362573717,-0.009830163113857537,-0.007010566671687091,-0.0012487750624371463
sent_word_count_std,-0.005067554903426044,0.0038706178112583424,-0.0031697235716195427,-0.009882086055254202,-0.007409973735877318,0.00019156374904688578
down_event_8_cnt,-0.005192039126749426,0.0007687976001590519,-0.005173447418578725,-0.005254259821503404,-0.00408416980304227,-0.006256279463873304
cursor_position_change_1_mean,-0.005228015002933545,0.003856725310915672,-0.001405446244011288,-0.009103870423614713,-0.009065411889401576,-0.0013373314547066029
time_diff_Input_std,-0.005248755676691461,0.0037138273796305404,-0.001888961937147493,-0.011080884611081976,-0.0058581086948806815,-0.002167067463655692
cursor_position_diff_Replace_mean,-0.005262340322768566,0.005536455926864947,0.0041202443743545425,-0.010143229071216231,-0.006956064818916863,-0.008070311775295713
word_count_diff_Input_mean_word_len_max_Div,-0.005283836069970335,0.0023965208764634605,-0.0013458428615592544,-0.005734174392157787,-0.007796033810750724,-0.006259293215413575
sent_len_min,-0.00530259509566304,0.003036648038209909,-0.00024824179947668945,-0.0059856955797157885,-0.0066764684160934284,-0.008299974587366254
cursor_position_diff_ArrowUp_mean,-0.0053148424378593045,0.0036611536398202817,-0.0017331736884608762,-0.010285348622415036,-0.0073697387645876855,-0.0018711086759736206
sent_len_median,-0.005330191757904931,0.0015071244394966217,-0.0058676984099299,-0.0037712021119843397,-0.004131456663313049,-0.007550409846392436
action_time_gap_20_max,-0.005376833390219174,0.005420041977089031,0.0030253789257925767,-0.011147306971030724,-0.008945352153338748,-0.004440053362299801
median_keystrokes_8s,-0.005442205066337011,0.004550038938193166,-0.008206443606457059,-0.0025109717133158793,-0.011294772157146526,0.00024336721157142138
backspacing_time_std,-0.00544769246710855,0.0054278789733959365,-0.0024311499773708722,-0.014559498837162455,-0.0042904065000785585,-0.0005097145538223158
backspacing_time_max,-0.005467103438843865,0.005935641249637622,-0.008296944869937761,-0.003619476060551241,-0.013007909213908597,0.0030559163890221397
median_keystrokes_45s,-0.005566127847513702,0.0036859100072392597,-0.001413576995966892,-0.011099814130787089,-0.006537577028241814,-0.003213543235059013
action_time_gap_50_sum,-0.005630617913108926,0.0037954574859358258,-0.0013588048933342312,-0.009400961934131202,-0.00941917476663573,-0.002343530058334542
time_diff_Leftclick_max,-0.005634680444395121,0.003218259276541935,-0.0019493543480605946,-0.010170370335225942,-0.007068678550614715,-0.0033503185436792315
word_len_ge_11_count,-0.005636765371754851,0.006827528415989088,0.005156144946211305,-0.012666532908677974,-0.004922627751769104,-0.01011404577278363
word_count_change_10_std,-0.005707910788062945,0.0063251916945376695,-0.001888961937147493,-0.016443487093188047,-0.0004782468285989272,-0.004020947293317312
time_diff_comma_sum,-0.005717785136502854,0.00599005950289764,-0.011812836863653753,-0.00433123066090213,-0.010196035663257386,0.0034689626418018538
word_count_mean,-0.0058189600358445615,0.0058823401131047,0.0041202443743545425,-0.01124399239532764,-0.008081780347109435,-0.008070311775295713
sd_keystrokes_10s,-0.005928441961949568,0.0033074436186385243,-0.00836462047190567,-0.007440621392860058,-0.007678529065768214,-0.00022999691726433014
max_keystrokes_5s,-0.00597173308662928,0.0061611906494182375,-0.002656826530262224,-0.016384265256912445,-0.0043260104669231025,-0.0005198300924193489
word_count_change_3_mean,-0.006049254694960746,0.003916670062486326,-0.0014938490904303214,-0.01208906987484698,-0.006537577028241814,-0.004076522786323866
word_count_diff_Backspace_sum,-0.006053453670825701,0.0042134178264629915,0.0009714264535763961,-0.010143229071216231,-0.008081780347109435,-0.006960231718553533
median_keystrokes_15s,-0.006080097645404722,0.0033342493738375036,-0.0010158332473393372,-0.0059856955797157885,-0.007000022840948972,-0.010318838913614792
max_keystrokes_8s,-0.006184009888648631,0.005331555560060245,0.002959013065324201,-0.010143229071216231,-0.009481511773406781,-0.008070311775295713
word_count_change_100_mean,-0.006197498733023998,0.004130332788669898,-0.009131285345440943,-0.0038799241971388954,-0.01108893505454489,-0.0006898503349712648
word_len_skew,-0.0062238005243383104,0.005317577337145517,-0.002210520452299136,-0.013276585279559827,-0.009321354261319303,-8.674210417497497e-05
R-bursts_max,-0.006272709540449825,0.003511189471558601,-0.002941362666658287,-0.012024533139075755,-0.006112020016765862,-0.004012922339299396
word_len_kurt,-0.006316023201007909,0.00466665318355872,-0.008297550975271129,-0.0058923053627572,-0.011932086282862298,0.000857849816858991
entropy_keystrokes_10s,-0.006317408437333763,0.0036123030207256893,-0.008206443606457059,-0.0025109717133158793,-0.011294772157146526,-0.0032574462724155873
long_pauses_mean,-0.0063222660582574475,0.005042527507729116,0.00219054609193714,-0.007683565573357198,-0.008945352153338748,-0.010850692598270983
time_diff_ArrowUp_mean,-0.006355922228018382,0.004369919316886985,-0.0015330038179480199,-0.013276585279559827,-0.006537577028241814,-0.004076522786323866
word_len_ge_10_count,-0.0063578722746242405,0.005999587488287986,-0.0013835932475445567,-0.016536371105141556,-0.004778737923726073,-0.002732786822084776
leading-edge revisions_sum,-0.006429231559359899,0.0027742424289715945,-0.004014937714687361,-0.011147306971030724,-0.005130832916058314,-0.005423848635663198
action_time_gap_1_max,-0.006507231601677141,0.00231252539938465,-0.00836462047190567,-0.007440621392860058,-0.007678529065768214,-0.002545155476174621
time_diff_comma_max,-0.006530391641459715,0.004460548046057641,-0.002656826530262224,-0.014083970020884129,-0.0053042472283686415,-0.004076522786323866
paragraph_word_count_kurt,-0.006853117341805756,0.005395540113192578,-0.002656826530262224,-0.016119634133012317,-0.004559485917624617,-0.004076522786323866
action_time_gap_1_sum,-0.006868890420759222,0.005127777035230689,-0.0015339647423479041,-0.013276585279559827,-0.010520643067886692,-0.0021443685932424628
leading-edge revisions_mean,-0.006935276456125988,0.005224809884008253,0.0009714264535763961,-0.01367052021241738,-0.008081780347109435,-0.006960231718553533
cursor_position_diff_dot_sum,-0.007025871953803595,0.0026043075717607223,-0.004014937714687361,-0.011147306971030724,-0.006950785146624172,-0.005990457982872122
word_len_ge_8_count,-0.008104674042001159,0.00584097940216092,-0.0009919748990718236,-0.01558398253876081,-0.011785979022553739,-0.004056759707618263
